{
    "batch_size": 128,
    "commit_coef": null,
    "cuda": false,
    "data_dir": "/home1/jkwang/dataset",
    "data_format": "json",
    "dataset": "shapes3d",
    "dataset_dir_name": "",
    "epochs": 200,
    "gpus": "0",
    "hidden": null,
    "k": 128,
    "kl_coef": null,
    "load_path": "",
    "log_interval": 10,
    "lr": null,
    "max_epoch_samples": 50000,
    "model": "vqvae",
    "no_cuda": false,
    "results_dir": "./results",
    "save_name": "",
    "seed": 1,
    "vq_coef": null
}